{"cameraMode":{"drawMode":0,"name":"Shaded","section":"Shading Mode"},"sceneLighting":true,"audioPlay":false,"sceneViewState":{"showFog":true,"showMaterialUpdate":false,"showSkybox":true,"showFlares":true,"showImageEffects":true,"showParticleSystems":true},"in2DMode":false,"pivot":{"x":5.6765241622924809,"y":1.3577041625976563,"z":-4.631796836853027},"rotation":{"x":-0.2940689027309418,"y":0.6661867499351502,"z":-0.3245297372341156,"w":-0.6036611795425415},"size":8.081988334655762,"orthographic":false}